date,currency,rate
20230102,CNY,188.717
20230103,CNY,184.299
20230104,CNY,189.728
20230105,CNY,184.306
20230106,CNY,187.549
20230109,CNY,189.76
20230110,CNY,188.084
20230111,CNY,186.652
20230112,CNY,187.188
20230113,CNY,189.986
20230116,CNY,186.183
20230117,CNY,190.166
20230118,CNY,188.63
20230119,CNY,187.14
20230120,CNY,187.906
20230123,CNY,187.3
20230124,CNY,189.691
20230125,CNY,189.443
20230126,CNY,186.165
20230127,CNY,187.768
20230130,CNY,187.047
20230131,CNY,189.71
20230201,CNY,186.117
20230202,CNY,189.786
20230203,CNY,187.47
20230206,CNY,185.801
20230207,CNY,186.216
20230208,CNY,185.826
20230209,CNY,184.972
20230210,CNY,186.501
20230213,CNY,184.521
20230214,CNY,183.014
20230215,CNY,185.079
20230216,CNY,182.947
20230217,CNY,184.027
20230220,CNY,183.534
20230221,CNY,183.292
20230222,CNY,186.735
20230223,CNY,183.917
20230224,CNY,183.875
20230227,CNY,180.964
20230228,CNY,182.145
20230301,CNY,183.005
20230302,CNY,181.13
20230303,CNY,183.389
20230306,CNY,180.403
20230307,CNY,181.363
20230308,CNY,180.755
20230309,CNY,181.525
20230310,CNY,180.288
20230313,CNY,180.592
20230314,CNY,180.477
20230315,CNY,179.685
20230316,CNY,181.142
20230317,CNY,180.71
20230320,CNY,180.19
20230321,CNY,179.668
20230322,CNY,181.201
20230323,CNY,179.813
20230324,CNY,179.691
20230327,CNY,180.211
20230328,CNY,182.28
20230329,CNY,178.345
20230330,CNY,181.115
20230331,CNY,177.692
20230403,CNY,180.485
20230404,CNY,182.309
20230405,CNY,180.964
20230406,CNY,180.626
20230407,CNY,179.757
20230410,CNY,180.611
20230411,CNY,180.332
20230412,CNY,179.729
20230413,CNY,180.465
20230414,CNY,181.19
20230417,CNY,180.022
20230418,CNY,180.055
20230419,CNY,179.414
20230420,CNY,181.762
20230421,CNY,182.026
20230424,CNY,181.673
20230425,CNY,182.671
20230426,CNY,181.563
20230427,CNY,181.979
20230428,CNY,181.871
20230501,CNY,181.35
20230502,CNY,180.756
20230503,CNY,184.287
20230504,CNY,180.768
20230505,CNY,180.42
20230508,CNY,181.763
20230509,CNY,181.424
20230510,CNY,179.15
20230511,CNY,182.3
20230512,CNY,180.566
20230515,CNY,179.076
20230516,CNY,181.883
20230517,CNY,180.953
20230518,CNY,178.284
20230519,CNY,182.013
20230522,CNY,180.322
20230523,CNY,179.204
20230524,CNY,181.027
20230525,CNY,178.9
20230526,CNY,178.382
20230529,CNY,177.28
20230530,CNY,178.609
20230531,CNY,178.184
20230601,CNY,177.293
20230602,CNY,175.955
20230605,CNY,176.861
20230606,CNY,176.313
20230607,CNY,174.386
20230608,CNY,173.927
20230609,CNY,176.303
20230612,CNY,171.921
20230613,CNY,175.314
20230614,CNY,174.18
20230615,CNY,176.268
20230616,CNY,173.704
20230619,CNY,174.994
20230620,CNY,173.426
20230621,CNY,173.91
20230622,CNY,174.556
20230623,CNY,172.848
20230626,CNY,174.613
20230627,CNY,171.91
20230628,CNY,173.485
20230629,CNY,174.219
20230630,CNY,173.812
20230703,CNY,175.395
20230704,CNY,171.878
20230705,CNY,171.058
20230706,CNY,171.555
20230707,CNY,173.716
20230710,CNY,173.528
20230711,CNY,173.049
20230712,CNY,171.503
20230713,CNY,174.016
20230714,CNY,171.493
20230717,CNY,174.665
20230718,CNY,176.953
20230719,CNY,173.799
20230720,CNY,174.169
20230721,CNY,172.861
20230724,CNY,171.24
20230725,CNY,172.9
20230726,CNY,172.351
20230727,CNY,171.976
20230728,CNY,176.176
20230731,CNY,174.365
20230801,CNY,174.57
20230802,CNY,173.731
20230803,CNY,173.955
20230804,CNY,175.47
20230807,CNY,174.197
20230808,CNY,174.94
20230809,CNY,173.991
20230810,CNY,173.783
20230811,CNY,172.365
20230814,CNY,171.574
20230815,CNY,173.739
20230816,CNY,174.071
20230817,CNY,172.227
20230818,CNY,173.738
20230821,CNY,173.721
20230822,CNY,170.7
20230823,CNY,172.15
20230824,CNY,173.689
20230825,CNY,173.469
20230828,CNY,171.258
20230829,CNY,172.742
20230830,CNY,173.631
20230831,CNY,173.067
20230901,CNY,171.677
20230904,CNY,170.928
20230905,CNY,170.446
20230906,CNY,171.593
20230907,CNY,170.955
20230908,CNY,171.231
20230911,CNY,170.294
20230912,CNY,170.896
20230913,CNY,169.664
20230914,CNY,170.272
20230915,CNY,170.099
20230918,CNY,167.64
20230919,CNY,166.061
20230920,CNY,170.151
20230921,CNY,168.22
20230922,CNY,165.409
20230925,CNY,166.473
20230926,CNY,168.179
20230927,CNY,166.6
20230928,CNY,166.1
20230929,CNY,168.403
20231002,CNY,165.052
20231003,CNY,165.223
20231004,CNY,166.399
20231005,CNY,166.512
20231006,CNY,166.546
20231009,CNY,166.999
20231010,CNY,166.002
20231011,CNY,166.326
20231012,CNY,165.315
20231013,CNY,165.711
20231016,CNY,165.761
20231017,CNY,165.908
20231018,CNY,166.652
20231019,CNY,166.402
20231020,CNY,165.782
20231023,CNY,164.727
20231024,CNY,165.93
20231025,CNY,165.877
20231026,CNY,166.243
20231027,CNY,168.944
20231030,CNY,165.482
20231031,CNY,166.802
20231101,CNY,167.733
20231102,CNY,166.562
20231103,CNY,169.563
20231106,CNY,166.118
20231107,CNY,167.112
20231108,CNY,165.728
20231109,CNY,166.377
20231110,CNY,167.217
20231113,CNY,168.044
20231114,CNY,167.397
20231115,CNY,168.646
20231116,CNY,166.899
20231117,CNY,166.591
20231120,CNY,170.524
20231121,CNY,167.491
20231122,CNY,165.998
20231123,CNY,165.97
20231124,CNY,165.569
20231127,CNY,167.917
20231128,CNY,166.115
20231129,CNY,166.627
20231130,CNY,166.235
20231201,CNY,167.108
20231204,CNY,164.881
20231205,CNY,164.393
20231206,CNY,165.878
20231207,CNY,166.15
20231208,CNY,165.57
20231211,CNY,163.843
20231212,CNY,165.523
20231213,CNY,163.413
20231214,CNY,163.431
20231215,CNY,162.604
20231218,CNY,165.24
20231219,CNY,164.085
20231220,CNY,163.758
20231221,CNY,164.302
20231222,CNY,166.046
20231225,CNY,159.878
20231226,CNY,160.854
20231227,CNY,160.731
20231228,CNY,160.15
20231229,CNY,159.586
20240101,CNY,160.337
20240102,CNY,158.894
20240103,CNY,160.671
20240104,CNY,160.074
20240105,CNY,160.416
20240108,CNY,160.249
20240109,CNY,160.186
20240110,CNY,158.744
20240111,CNY,161.83
20240112,CNY,159.237
20240115,CNY,156.386
20240116,CNY,157.397
20240117,CNY,156.346
20240118,CNY,158.557
20240119,CNY,158.318
20240122,CNY,157.825
20240123,CNY,161.022
20240124,CNY,159.11
20240125,CNY,159.343
20240126,CNY,157.205
20240129,CNY,157.146
20240130,CNY,158.534
20240131,CNY,158.763
20240201,CNY,156.186
20240202,CNY,158.434
20240205,CNY,158.764
20240206,CNY,158.548
20240207,CNY,157.857
20240208,CNY,158.302
20240209,CNY,158.865
20240212,CNY,159.304
20240213,CNY,160.062
20240214,CNY,160.768
20240215,CNY,159.062
20240216,CNY,158.929
20240219,CNY,160.161
20240220,CNY,160.448
20240221,CNY,159.142
20240222,CNY,160.775
20240223,CNY,161.051
20240226,CNY,161.474
20240227,CNY,162.11
20240228,CNY,158.662
20240229,CNY,159.78
20240301,CNY,159.736
20240304,CNY,159.536
20240305,CNY,158.746
20240306,CNY,157.569
20240307,CNY,159.514
20240308,CNY,158.271
20240311,CNY,159.242
20240312,CNY,157.942
20240313,CNY,157.373
20240314,CNY,158.92
20240315,CNY,158.611
20240318,CNY,158.953
20240319,CNY,160.814
20240320,CNY,158.093
20240321,CNY,158.113
20240322,CNY,155.821
20240325,CNY,155.28
20240326,CNY,158.735
20240327,CNY,155.195
20240328,CNY,154.753
20240329,CNY,155.77
20240401,CNY,155.412
20240402,CNY,154.065
20240403,CNY,154.552
20240404,CNY,156.259
20240405,CNY,153.33
20240408,CNY,152.289
20240409,CNY,155.055
20240410,CNY,154.206
20240411,CNY,152.506
20240412,CNY,151.013
20240415,CNY,151.87
20240416,CNY,152.548
20240417,CNY,153.929
20240418,CNY,150.875
20240419,CNY,151.937
20240422,CNY,152.763
20240423,CNY,150.0
20240424,CNY,152.956
20240425,CNY,150.0
20240426,CNY,151.837
20240429,CNY,151.647
20240430,CNY,152.674
20240501,CNY,151.934
20240502,CNY,150.0
20240503,CNY,150.152
20240506,CNY,151.351
20240507,CNY,150.931
20240508,CNY,151.832
20240509,CNY,152.275
20240510,CNY,152.089
20240513,CNY,151.078
20240514,CNY,150.0
20240515,CNY,150.907
20240516,CNY,152.122
20240517,CNY,150.249
20240520,CNY,152.576
20240521,CNY,153.027
20240522,CNY,152.102
20240523,CNY,150.0
20240524,CNY,150.453
20240527,CNY,154.651
20240528,CNY,151.567
20240529,CNY,150.0
20240530,CNY,154.019
20240531,CNY,152.485
20240603,CNY,153.949
20240604,CNY,152.905
20240605,CNY,153.162
20240606,CNY,153.045
20240607,CNY,153.473
20240610,CNY,155.505
20240611,CNY,153.77
20240612,CNY,150.4
20240613,CNY,152.966
20240614,CNY,153.783
20240617,CNY,153.76
20240618,CNY,151.523
20240619,CNY,153.456
20240620,CNY,152.996
20240621,CNY,154.967
20240624,CNY,150.465
20240625,CNY,150.582
20240626,CNY,150.633
20240627,CNY,150.169
20240628,CNY,150.0
20240701,CNY,150.0
20240702,CNY,150.0
20240703,CNY,150.278
20240704,CNY,150.0
20240705,CNY,151.759
20240708,CNY,150.0
20240709,CNY,150.348
20240710,CNY,150.0
20240711,CNY,150.0
20240712,CNY,150.0
20240715,CNY,150.0
20240716,CNY,150.0
20240717,CNY,150.0
20240718,CNY,150.0
20240719,CNY,150.0
20240722,CNY,150.0
20240723,CNY,150.0
20240724,CNY,150.0
20240725,CNY,150.0
20240726,CNY,150.0
20240729,CNY,150.0
20240730,CNY,150.0
20240731,CNY,150.0
20240801,CNY,150.0
20240802,CNY,150.0
20240805,CNY,150.0
20240806,CNY,150.0
20240807,CNY,150.0
20240808,CNY,150.0
20240809,CNY,150.0
20240812,CNY,150.0
20240813,CNY,150.0
20240814,CNY,150.0
20240815,CNY,150.0
20240816,CNY,150.0
20240819,CNY,150.0
20240820,CNY,150.0
20240821,CNY,150.0
20240822,CNY,150.0
20240823,CNY,150.0
20240826,CNY,150.0
20240827,CNY,150.0
20240828,CNY,150.0
20240829,CNY,150.0
20240830,CNY,150.0
20240902,CNY,150.0
20240903,CNY,150.0
20240904,CNY,150.0
20240905,CNY,150.0
20240906,CNY,150.0
20240909,CNY,150.0
20240910,CNY,150.0
20240911,CNY,150.0
20240912,CNY,150.0
20240913,CNY,150.0
20240916,CNY,150.0
20240917,CNY,150.0
20240918,CNY,150.0
20240919,CNY,150.0
20240920,CNY,150.0
20240923,CNY,150.0
20240924,CNY,150.0
20240925,CNY,150.0
20240926,CNY,150.0
20240927,CNY,150.0
20240930,CNY,150.0
20241001,CNY,150.0
20241002,CNY,150.0
20241003,CNY,150.0
20241004,CNY,150.0
20241007,CNY,150.0
20241008,CNY,150.0
20241009,CNY,150.0
20241010,CNY,150.0
20241011,CNY,150.0
20241014,CNY,150.0
20241015,CNY,150.0
20241016,CNY,150.0
20241017,CNY,150.0
20241018,CNY,150.0
20241021,CNY,150.0
20241022,CNY,150.0
20241023,CNY,150.0
20241024,CNY,150.0
20241025,CNY,150.0
20241028,CNY,150.0
20241029,CNY,150.0
20241030,CNY,150.0
20241031,CNY,150.0
20241101,CNY,150.0
20241104,CNY,150.0
20241105,CNY,150.0
20241106,CNY,150.0
20241107,CNY,150.0
20241108,CNY,150.0
20241111,CNY,150.0
20241112,CNY,150.0
20241113,CNY,150.0
20241114,CNY,150.0
20241115,CNY,150.0
20241118,CNY,150.0
20241119,CNY,150.0
20241120,CNY,150.0
20241121,CNY,150.0
20241122,CNY,150.0
20241125,CNY,150.0
20241126,CNY,150.0
20241127,CNY,150.0
20241128,CNY,150.0
20241129,CNY,150.0
20241202,CNY,150.0
20241203,CNY,150.0
20241204,CNY,150.0
20241205,CNY,150.0
20241206,CNY,150.0
20241209,CNY,150.0
20241210,CNY,150.0
20241211,CNY,150.0
20241212,CNY,150.0
20241213,CNY,150.0
20241216,CNY,150.0
20241217,CNY,150.0
20241218,CNY,150.0
20241219,CNY,150.0
20241220,CNY,150.0
20241223,CNY,150.0
20241224,CNY,150.0
20241225,CNY,150.0
20241226,CNY,150.0
20241227,CNY,150.0
20241230,CNY,150.0
20241231,CNY,150.0
20250101,CNY,150.0
20250102,CNY,150.0
20250103,CNY,150.0
20250106,CNY,150.0
20250107,CNY,150.0
20250108,CNY,150.0
20250109,CNY,150.0
20250110,CNY,150.0
20250113,CNY,150.0
20250114,CNY,150.0
20250115,CNY,150.0
20250116,CNY,150.0
20250117,CNY,150.0
20250120,CNY,150.0
20250121,CNY,150.0
20250122,CNY,150.0
20250123,CNY,150.0
20250124,CNY,150.0
20250127,CNY,150.0
20250128,CNY,150.0
20250129,CNY,150.0
20250130,CNY,150.0
20250131,CNY,150.0
20250203,CNY,150.0
20250204,CNY,150.0
20250205,CNY,150.0
20250206,CNY,150.0
20250207,CNY,150.0
20250210,CNY,150.0
20250211,CNY,150.0
20250212,CNY,150.0
20250213,CNY,150.0
20250214,CNY,150.0
20250217,CNY,150.0
20250218,CNY,150.0
20250219,CNY,150.0
20250220,CNY,150.0
20250221,CNY,150.0
20250224,CNY,150.0
20250225,CNY,150.0
20250226,CNY,150.0
20250227,CNY,150.0
20250228,CNY,150.0
20250303,CNY,150.0
20250304,CNY,150.0
20250305,CNY,150.0
20250306,CNY,150.0
20250307,CNY,150.0
20250310,CNY,150.0
20250311,CNY,150.0
20250312,CNY,150.0
20250313,CNY,150.0
20250314,CNY,150.0
20250317,CNY,150.0
20250318,CNY,150.0
20250319,CNY,150.0
20250320,CNY,150.0
20250321,CNY,150.0
20250324,CNY,150.0
20250325,CNY,150.0
20250326,CNY,150.0
20250327,CNY,150.0
20250328,CNY,150.0
20250331,CNY,150.0
20250401,CNY,150.0
20250402,CNY,150.0
20250403,CNY,150.0
20250404,CNY,150.0
20250407,CNY,150.0
20250408,CNY,150.0
20250409,CNY,150.0
20250410,CNY,150.0
20250411,CNY,150.0
20250414,CNY,150.0
20250415,CNY,150.0
20250416,CNY,150.0
20250417,CNY,150.0
20250418,CNY,150.0
20250421,CNY,150.0
20250422,CNY,150.0
20250423,CNY,150.0
20250424,CNY,150.0
20250425,CNY,150.0
20250428,CNY,150.0
20250429,CNY,150.0
20250430,CNY,150.0
20250501,CNY,150.0
20250502,CNY,150.0
20250505,CNY,150.0
20250506,CNY,150.0
20250507,CNY,150.0
20250508,CNY,150.0
20250509,CNY,150.0
20250512,CNY,150.0
20250513,CNY,150.0
20250514,CNY,150.0
20250515,CNY,150.0
20250516,CNY,150.0
20250519,CNY,150.0
20250520,CNY,150.0
20250521,CNY,150.0
20250522,CNY,150.0
20250523,CNY,150.0
20250526,CNY,150.0
20250527,CNY,150.0
20250528,CNY,150.0
20250529,CNY,150.0
20250530,CNY,150.0
20250602,CNY,150.0
20250603,CNY,150.0
20250604,CNY,150.0
20250605,CNY,150.0
20250606,CNY,150.0
20250609,CNY,150.0
20250610,CNY,150.0
20250611,CNY,150.0
20250612,CNY,150.0
20250613,CNY,150.0
20250616,CNY,150.0
20250617,CNY,150.0
20250618,CNY,150.0
20250619,CNY,150.0
20250620,CNY,150.0
20250623,CNY,150.0
20250624,CNY,150.0
20250625,CNY,150.0
20250626,CNY,150.0
20250627,CNY,150.0
20250630,CNY,150.0
20250701,CNY,150.0
20250702,CNY,150.0
20250703,CNY,150.0
20250704,CNY,150.0
20250707,CNY,150.0
20250708,CNY,150.0
20250709,CNY,150.0
20250710,CNY,150.0
20250711,CNY,150.0
20250714,CNY,150.0
20250715,CNY,150.0
20250716,CNY,150.0
20250717,CNY,150.0
20250718,CNY,150.0
20250721,CNY,150.0
20250722,CNY,150.0
20250723,CNY,150.0
20250724,CNY,150.0
20250725,CNY,150.0
20250728,CNY,150.0
20250729,CNY,150.0
20250730,CNY,150.0
20250731,CNY,150.0
20250801,CNY,150.0
20250804,CNY,150.0
20250805,CNY,150.0
20250806,CNY,150.0
20250807,CNY,150.0
20250808,CNY,150.0
20250811,CNY,150.0
20250812,CNY,150.0
20250813,CNY,150.0
20250814,CNY,150.0
20250815,CNY,150.0
20250818,CNY,150.0
20250819,CNY,150.0
20250820,CNY,150.0
20250821,CNY,150.0
20250822,CNY,150.0
20250825,CNY,150.0
20250826,CNY,150.0
20250827,CNY,150.0
20250828,CNY,150.0
20250829,CNY,150.0
20250901,CNY,150.0
20250902,CNY,150.0
20250903,CNY,150.0
20250904,CNY,150.0
20250905,CNY,150.0
20250908,CNY,150.0
20250909,CNY,150.0
20250910,CNY,150.0
20250911,CNY,150.0
20250912,CNY,150.0
20250915,CNY,150.0
20250916,CNY,150.0
20250917,CNY,150.0
20250918,CNY,150.0
20250919,CNY,150.0
20250922,CNY,150.0
20250923,CNY,150.0
20250924,CNY,150.0
20250925,CNY,150.0
20250926,CNY,150.0
20250929,CNY,150.0
20250930,CNY,150.0
20251001,CNY,150.0
20251002,CNY,150.0
20251003,CNY,150.0
20251006,CNY,150.0
20251007,CNY,150.0
20251008,CNY,150.0
20251009,CNY,150.0
20251010,CNY,150.0
20251013,CNY,150.0
20251014,CNY,150.0
20251015,CNY,150.0
20251016,CNY,150.0
20251017,CNY,150.0
20251020,CNY,150.0
20251021,CNY,150.0
20251022,CNY,150.0
20251023,CNY,150.0
20251024,CNY,150.0
20251027,CNY,150.0
20251028,CNY,150.0
20251029,CNY,150.0
20251030,CNY,150.0
20251031,CNY,150.0
20251103,CNY,150.0
20251104,CNY,150.0
20251105,CNY,150.0
20251106,CNY,150.0
20251107,CNY,150.0
20251110,CNY,150.0
20251111,CNY,150.0
20251112,CNY,150.0
20251113,CNY,150.0
20251114,CNY,150.0
20251117,CNY,150.0
20251118,CNY,150.0
20251119,CNY,150.0
20251120,CNY,150.0
20251121,CNY,150.0
20251124,CNY,150.0
20251125,CNY,150.0
20251126,CNY,150.0
20251127,CNY,150.0
20251128,CNY,150.0
20251201,CNY,150.0
20251202,CNY,150.0
20251203,CNY,150.0
20251204,CNY,150.0
20251205,CNY,150.0
20251208,CNY,150.0
20251209,CNY,150.0
20251210,CNY,150.0
20251211,CNY,150.0
20251212,CNY,150.0
20251215,CNY,150.0
20251216,CNY,150.0
20251217,CNY,150.0
20251218,CNY,150.0
20251219,CNY,150.0
20251222,CNY,150.0
20251223,CNY,150.0
20251224,CNY,150.0
20251225,CNY,150.0
20251226,CNY,150.0
20251229,CNY,150.0
20251230,CNY,150.0
20251231,CNY,150.0
20260101,CNY,150.0
20260102,CNY,150.0
20260105,CNY,150.0
20260106,CNY,150.0
20260107,CNY,150.0
20260108,CNY,150.0
20260109,CNY,150.0
20260112,CNY,150.0
20260113,CNY,150.0
20260114,CNY,150.0
20260115,CNY,150.0
20260116,CNY,150.0
20260119,CNY,150.0
20260120,CNY,150.0
20260121,CNY,150.0
20260122,CNY,150.0
20260123,CNY,150.0
20260126,CNY,150.0
20260127,CNY,150.0
20260128,CNY,150.0
20260129,CNY,150.0
20260130,CNY,150.0
20260202,CNY,150.0
20260203,CNY,150.0
20260204,CNY,150.0
20260205,CNY,150.0
20260206,CNY,150.0
20260209,CNY,150.0
20260210,CNY,150.0
20260211,CNY,150.0
20260212,CNY,150.0
20260213,CNY,150.0
20260216,CNY,150.0
20260217,CNY,150.0
20260218,CNY,150.0
20260219,CNY,150.0
20260220,CNY,150.0
20260223,CNY,150.0
20260224,CNY,150.0
20260225,CNY,150.0
20260226,CNY,150.0
20260227,CNY,150.0
20260302,CNY,150.0
20260303,CNY,150.0
20260304,CNY,150.0
20260305,CNY,150.0
20260306,CNY,150.0
20260309,CNY,150.0
20260310,CNY,150.0
20260311,CNY,150.0
20260312,CNY,150.0
20260313,CNY,150.0
20260316,CNY,150.0
20260317,CNY,150.0
20260318,CNY,150.0
20260319,CNY,150.0
20260320,CNY,150.0
20260323,CNY,150.0
20260324,CNY,150.0
20260325,CNY,150.0
20260326,CNY,150.0
20260327,CNY,150.0
20260330,CNY,150.0
20260331,CNY,150.0
20260401,CNY,150.0
20260402,CNY,150.0
20260403,CNY,150.0
20260406,CNY,150.0
20260407,CNY,150.0
20260408,CNY,150.0
20260409,CNY,150.0
20260410,CNY,150.0
20260413,CNY,150.0
20260414,CNY,150.0
20260415,CNY,150.0
20260416,CNY,150.0
20260417,CNY,150.0
20260420,CNY,150.0
20260421,CNY,150.0
20260422,CNY,150.0
20260423,CNY,150.0
20260424,CNY,150.0
20260427,CNY,150.0
20260428,CNY,150.0
20260429,CNY,150.0
20260430,CNY,150.0
20260501,CNY,150.0
20260504,CNY,150.0
20260505,CNY,150.0
20260506,CNY,150.0
20260507,CNY,150.0
20260508,CNY,150.0
20260511,CNY,150.0
20260512,CNY,150.0
20260513,CNY,150.0
20260514,CNY,150.0
20260515,CNY,150.0
20260518,CNY,150.0
20260519,CNY,150.0
20260520,CNY,150.0
20260521,CNY,150.0
20260522,CNY,150.0
20260525,CNY,150.0
20260526,CNY,150.0
20260527,CNY,150.0
20260528,CNY,150.0
20260529,CNY,150.0
20260601,CNY,150.0
20260602,CNY,150.0
20260603,CNY,150.0
20260604,CNY,150.0
20260605,CNY,150.0
20260608,CNY,150.0
20260609,CNY,150.0
20260610,CNY,150.0
20260611,CNY,150.0
20260612,CNY,150.0
20260615,CNY,150.0
20260616,CNY,150.0
20260617,CNY,150.0
20260618,CNY,150.0
20260619,CNY,150.0
20260622,CNY,150.0
20260623,CNY,150.0
20260624,CNY,150.0
20260625,CNY,150.0
20260626,CNY,150.0
20260629,CNY,150.0
20260630,CNY,150.0
20260701,CNY,150.0
20260702,CNY,150.0
20260703,CNY,150.0
20260706,CNY,150.0
20260707,CNY,150.0
20260708,CNY,150.0
20260709,CNY,150.0
20260710,CNY,150.0
20260713,CNY,150.0
20260714,CNY,150.0
20260715,CNY,150.0
20260716,CNY,150.0
20260717,CNY,150.0
20260720,CNY,150.0
20260721,CNY,150.0
20260722,CNY,150.0
20260723,CNY,150.0
20260724,CNY,150.0
20260727,CNY,150.0
20260728,CNY,150.0
20260729,CNY,150.0
20260730,CNY,150.0
20260731,CNY,150.0
20260803,CNY,150.0
20260804,CNY,150.0
20260805,CNY,150.0
20260806,CNY,150.0
20260807,CNY,150.0
20260810,CNY,150.0
20260811,CNY,150.0
20260812,CNY,150.0
20260813,CNY,150.0
20260814,CNY,150.0
20260817,CNY,150.0
20260818,CNY,150.0
20260819,CNY,150.0
20260820,CNY,150.0
20260821,CNY,150.0
20260824,CNY,150.0
20260825,CNY,150.0
20260826,CNY,150.0
20260827,CNY,150.0
20260828,CNY,150.0
20260831,CNY,150.0
20230102,JPY,9.413
20230103,JPY,9.913
20230104,JPY,9.519
20230105,JPY,9.602
20230106,JPY,9.828
20230109,JPY,9.569
20230110,JPY,9.372
20230111,JPY,9.539
20230112,JPY,9.558
20230113,JPY,9.323
20230116,JPY,9.525
20230117,JPY,9.439
20230118,JPY,9.738
20230119,JPY,9.576
20230120,JPY,9.516
20230123,JPY,9.542
20230124,JPY,9.594
20230125,JPY,9.656
20230126,JPY,9.354
20230127,JPY,9.334
20230130,JPY,9.705
20230131,JPY,9.416
20230201,JPY,9.216
20230202,JPY,9.531
20230203,JPY,9.513
20230206,JPY,9.13
20230207,JPY,9.422
20230208,JPY,9.487
20230209,JPY,9.394
20230210,JPY,9.411
20230213,JPY,9.014
20230214,JPY,9.295
20230215,JPY,9.149
20230216,JPY,9.084
20230217,JPY,9.295
20230220,JPY,9.371
20230221,JPY,9.394
20230222,JPY,9.274
20230223,JPY,8.984
20230224,JPY,9.034
20230227,JPY,9.075
20230228,JPY,8.927
20230301,JPY,8.897
20230302,JPY,8.992
20230303,JPY,8.803
20230306,JPY,8.654
20230307,JPY,8.684
20230308,JPY,8.847
20230309,JPY,8.71
20230310,JPY,8.748
20230313,JPY,8.787
20230314,JPY,8.58
20230315,JPY,8.767
20230316,JPY,8.684
20230317,JPY,8.38
20230320,JPY,8.85
20230321,JPY,8.491
20230322,JPY,8.275
20230323,JPY,8.379
20230324,JPY,8.38
20230327,JPY,8.571
20230328,JPY,8.511
20230329,JPY,8.501
20230330,JPY,8.675
20230331,JPY,8.629
20230403,JPY,8.629
20230404,JPY,8.652
20230405,JPY,8.697
20230406,JPY,8.214
20230407,JPY,8.537
20230410,JPY,8.219
20230411,JPY,8.627
20230412,JPY,8.63
20230413,JPY,8.828
20230414,JPY,8.864
20230417,JPY,8.696
20230418,JPY,8.578
20230419,JPY,8.764
20230420,JPY,8.589
20230421,JPY,8.69
20230424,JPY,8.873
20230425,JPY,8.6
20230426,JPY,8.848
20230427,JPY,8.827
20230428,JPY,8.533
20230501,JPY,8.879
20230502,JPY,8.826
20230503,JPY,8.714
20230504,JPY,8.552
20230505,JPY,8.526
20230508,JPY,8.573
20230509,JPY,8.755
20230510,JPY,8.471
20230511,JPY,8.706
20230512,JPY,8.386
20230515,JPY,8.553
20230516,JPY,8.588
20230517,JPY,8.985
20230518,JPY,8.272
20230519,JPY,8.759
20230522,JPY,8.494
20230523,JPY,8.512
20230524,JPY,8.429
20230525,JPY,8.457
20230526,JPY,8.317
20230529,JPY,8.574
20230530,JPY,8.197
20230531,JPY,8.45
20230601,JPY,8.096
20230602,JPY,8.168
20230605,JPY,7.952
20230606,JPY,8.194
20230607,JPY,8.339
20230608,JPY,8.032
20230609,JPY,7.979
20230612,JPY,7.783
20230613,JPY,7.913
20230614,JPY,7.639
20230615,JPY,7.734
20230616,JPY,7.913
20230619,JPY,8.086
20230620,JPY,8.331
20230621,JPY,7.699
20230622,JPY,8.044
20230623,JPY,7.812
20230626,JPY,7.725
20230627,JPY,7.816
20230628,JPY,7.737
20230629,JPY,7.736
20230630,JPY,7.635
20230703,JPY,7.45
20230704,JPY,7.419
20230705,JPY,7.812
20230706,JPY,7.644
20230707,JPY,7.587
20230710,JPY,7.698
20230711,JPY,7.842
20230712,JPY,7.737
20230713,JPY,7.592
20230714,JPY,7.937
20230717,JPY,8.009
20230718,JPY,7.822
20230719,JPY,7.917
20230720,JPY,7.975
20230721,JPY,7.964
20230724,JPY,7.881
20230725,JPY,7.888
20230726,JPY,7.883
20230727,JPY,7.601
20230728,JPY,7.933
20230731,JPY,7.571
20230801,JPY,7.679
20230802,JPY,8.062
20230803,JPY,7.983
20230804,JPY,8.103
20230807,JPY,7.789
20230808,JPY,7.631
20230809,JPY,7.794
20230810,JPY,7.853
20230811,JPY,7.844
20230814,JPY,8.028
20230815,JPY,7.751
20230816,JPY,7.869
20230817,JPY,7.616
20230818,JPY,7.861
20230821,JPY,7.765
20230822,JPY,7.612
20230823,JPY,7.685
20230824,JPY,7.674
20230825,JPY,7.635
20230828,JPY,7.979
20230829,JPY,7.616
20230830,JPY,7.563
20230831,JPY,7.201
20230901,JPY,7.388
20230904,JPY,7.47
20230905,JPY,7.363
20230906,JPY,7.703
20230907,JPY,7.391
20230908,JPY,7.619
20230911,JPY,7.365
20230912,JPY,7.327
20230913,JPY,7.271
20230914,JPY,7.254
20230915,JPY,7.529
20230918,JPY,6.77
20230919,JPY,6.795
20230920,JPY,7.027
20230921,JPY,7.097
20230922,JPY,7.19
20230925,JPY,7.123
20230926,JPY,6.943
20230927,JPY,7.171
20230928,JPY,7.15
20230929,JPY,6.976
20231002,JPY,7.096
20231003,JPY,6.954
20231004,JPY,6.788
20231005,JPY,7.0
20231006,JPY,6.882
20231009,JPY,6.852
20231010,JPY,7.108
20231011,JPY,6.395
20231012,JPY,6.576
20231013,JPY,6.614
20231016,JPY,6.761
20231017,JPY,6.781
20231018,JPY,6.557
20231019,JPY,6.654
20231020,JPY,6.681
20231023,JPY,7.284
20231024,JPY,7.172
20231025,JPY,6.781
20231026,JPY,6.798
20231027,JPY,6.666
20231030,JPY,6.538
20231031,JPY,6.87
20231101,JPY,6.721
20231102,JPY,6.895
20231103,JPY,6.632
20231106,JPY,6.792
20231107,JPY,6.965
20231108,JPY,7.012
20231109,JPY,7.028
20231110,JPY,6.721
20231113,JPY,7.118
20231114,JPY,6.824
20231115,JPY,7.084
20231116,JPY,6.969
20231117,JPY,6.723
20231120,JPY,6.911
20231121,JPY,7.03
20231122,JPY,7.069
20231123,JPY,6.925
20231124,JPY,7.217
20231127,JPY,7.111
20231128,JPY,6.871
20231129,JPY,7.037
20231130,JPY,7.233
20231201,JPY,7.219
20231204,JPY,6.624
20231205,JPY,6.656
20231206,JPY,7.066
20231207,JPY,6.583
20231208,JPY,6.509
20231211,JPY,6.631
20231212,JPY,6.765
20231213,JPY,6.64
20231214,JPY,6.51
20231215,JPY,6.474
20231218,JPY,6.434
20231219,JPY,6.371
20231220,JPY,6.906
20231221,JPY,6.515
20231222,JPY,6.588
20231225,JPY,6.307
20231226,JPY,6.328
20231227,JPY,6.2
20231228,JPY,6.0
20231229,JPY,6.017
20240101,JPY,6.0
20240102,JPY,6.0
20240103,JPY,6.0
20240104,JPY,6.39
20240105,JPY,6.118
20240108,JPY,6.335
20240109,JPY,6.155
20240110,JPY,6.202
20240111,JPY,6.0
20240112,JPY,6.12
20240115,JPY,6.142
20240116,JPY,6.0
20240117,JPY,6.088
20240118,JPY,6.08
20240119,JPY,6.0
20240122,JPY,6.0
20240123,JPY,6.0
20240124,JPY,6.0
20240125,JPY,6.018
20240126,JPY,6.0
20240129,JPY,6.0
20240130,JPY,6.07
20240131,JPY,6.084
20240201,JPY,6.258
20240202,JPY,6.216
20240205,JPY,6.0
20240206,JPY,6.306
20240207,JPY,6.0
20240208,JPY,6.21
20240209,JPY,6.044
20240212,JPY,6.0
20240213,JPY,6.0
20240214,JPY,6.029
20240215,JPY,6.0
20240216,JPY,6.251
20240219,JPY,6.357
20240220,JPY,6.0
20240221,JPY,6.15
20240222,JPY,6.0
20240223,JPY,6.0
20240226,JPY,6.243
20240227,JPY,6.097
20240228,JPY,6.415
20240229,JPY,6.012
20240301,JPY,6.273
20240304,JPY,6.103
20240305,JPY,6.22
20240306,JPY,6.0
20240307,JPY,6.044
20240308,JPY,6.018
20240311,JPY,6.0
20240312,JPY,6.123
20240313,JPY,6.101
20240314,JPY,6.069
20240315,JPY,6.215
20240318,JPY,6.174
20240319,JPY,6.0
20240320,JPY,6.0
20240321,JPY,6.0
20240322,JPY,6.0
20240325,JPY,6.0
20240326,JPY,6.028
20240327,JPY,6.0
20240328,JPY,6.0
20240329,JPY,6.0
20240401,JPY,6.0
20240402,JPY,6.0
20240403,JPY,6.0
20240404,JPY,6.0
20240405,JPY,6.0
20240408,JPY,6.0
20240409,JPY,6.0
20240410,JPY,6.0
20240411,JPY,6.0
20240412,JPY,6.0
20240415,JPY,6.0
20240416,JPY,6.0
20240417,JPY,6.0
20240418,JPY,6.0
20240419,JPY,6.0
20240422,JPY,6.0
20240423,JPY,6.0
20240424,JPY,6.0
20240425,JPY,6.0
20240426,JPY,6.0
20240429,JPY,6.0
20240430,JPY,6.0
20240501,JPY,6.0
20240502,JPY,6.0
20240503,JPY,6.0
20240506,JPY,6.0
20240507,JPY,6.0
20240508,JPY,6.0
20240509,JPY,6.0
20240510,JPY,6.0
20240513,JPY,6.0
20240514,JPY,6.0
20240515,JPY,6.0
20240516,JPY,6.0
20240517,JPY,6.0
20240520,JPY,6.0
20240521,JPY,6.0
20240522,JPY,6.0
20240523,JPY,6.0
20240524,JPY,6.0
20240527,JPY,6.0
20240528,JPY,6.0
20240529,JPY,6.0
20240530,JPY,6.0
20240531,JPY,6.0
20240603,JPY,6.0
20240604,JPY,6.0
20240605,JPY,6.0
20240606,JPY,6.0
20240607,JPY,6.0
20240610,JPY,6.0
20240611,JPY,6.0
20240612,JPY,6.0
20240613,JPY,6.0
20240614,JPY,6.0
20240617,JPY,6.0
20240618,JPY,6.0
20240619,JPY,6.0
20240620,JPY,6.0
20240621,JPY,6.0
20240624,JPY,6.0
20240625,JPY,6.0
20240626,JPY,6.0
20240627,JPY,6.0
20240628,JPY,6.0
20240701,JPY,6.0
20240702,JPY,6.0
20240703,JPY,6.0
20240704,JPY,6.0
20240705,JPY,6.0
20240708,JPY,6.0
20240709,JPY,6.0
20240710,JPY,6.0
20240711,JPY,6.0
20240712,JPY,6.0
20240715,JPY,6.0
20240716,JPY,6.0
20240717,JPY,6.0
20240718,JPY,6.0
20240719,JPY,6.0
20240722,JPY,6.0
20240723,JPY,6.0
20240724,JPY,6.0
20240725,JPY,6.0
20240726,JPY,6.0
20240729,JPY,6.0
20240730,JPY,6.0
20240731,JPY,6.0
20240801,JPY,6.0
20240802,JPY,6.0
20240805,JPY,6.0
20240806,JPY,6.0
20240807,JPY,6.0
20240808,JPY,6.0
20240809,JPY,6.0
20240812,JPY,6.0
20240813,JPY,6.0
20240814,JPY,6.0
20240815,JPY,6.0
20240816,JPY,6.0
20240819,JPY,6.0
20240820,JPY,6.0
20240821,JPY,6.0
20240822,JPY,6.0
20240823,JPY,6.0
20240826,JPY,6.0
20240827,JPY,6.0
20240828,JPY,6.0
20240829,JPY,6.0
20240830,JPY,6.0
20240902,JPY,6.0
20240903,JPY,6.0
20240904,JPY,6.0
20240905,JPY,6.0
20240906,JPY,6.0
20240909,JPY,6.0
20240910,JPY,6.0
20240911,JPY,6.0
20240912,JPY,6.0
20240913,JPY,6.0
20240916,JPY,6.0
20240917,JPY,6.0
20240918,JPY,6.0
20240919,JPY,6.0
20240920,JPY,6.0
20240923,JPY,6.0
20240924,JPY,6.0
20240925,JPY,6.0
20240926,JPY,6.0
20240927,JPY,6.0
20240930,JPY,6.0
20241001,JPY,6.0
20241002,JPY,6.0
20241003,JPY,6.0
20241004,JPY,6.0
20241007,JPY,6.0
20241008,JPY,6.0
20241009,JPY,6.0
20241010,JPY,6.0
20241011,JPY,6.0
20241014,JPY,6.0
20241015,JPY,6.0
20241016,JPY,6.0
20241017,JPY,6.0
20241018,JPY,6.0
20241021,JPY,6.0
20241022,JPY,6.0
20241023,JPY,6.0
20241024,JPY,6.0
20241025,JPY,6.0
20241028,JPY,6.0
20241029,JPY,6.0
20241030,JPY,6.0
20241031,JPY,6.0
20241101,JPY,6.0
20241104,JPY,6.0
20241105,JPY,6.0
20241106,JPY,6.0
20241107,JPY,6.0
20241108,JPY,6.0
20241111,JPY,6.0
20241112,JPY,6.0
20241113,JPY,6.0
20241114,JPY,6.0
20241115,JPY,6.0
20241118,JPY,6.0
20241119,JPY,6.0
20241120,JPY,6.0
20241121,JPY,6.0
20241122,JPY,6.0
20241125,JPY,6.0
20241126,JPY,6.0
20241127,JPY,6.0
20241128,JPY,6.0
20241129,JPY,6.0
20241202,JPY,6.0
20241203,JPY,6.0
20241204,JPY,6.0
20241205,JPY,6.0
20241206,JPY,6.0
20241209,JPY,6.0
20241210,JPY,6.0
20241211,JPY,6.0
20241212,JPY,6.0
20241213,JPY,6.0
20241216,JPY,6.0
20241217,JPY,6.0
20241218,JPY,6.0
20241219,JPY,6.0
20241220,JPY,6.0
20241223,JPY,6.0
20241224,JPY,6.0
20241225,JPY,6.0
20241226,JPY,6.0
20241227,JPY,6.0
20241230,JPY,6.0
20241231,JPY,6.0
20250101,JPY,6.0
20250102,JPY,6.0
20250103,JPY,6.0
20250106,JPY,6.0
20250107,JPY,6.0
20250108,JPY,6.0
20250109,JPY,6.0
20250110,JPY,6.0
20250113,JPY,6.0
20250114,JPY,6.0
20250115,JPY,6.0
20250116,JPY,6.0
20250117,JPY,6.0
20250120,JPY,6.0
20250121,JPY,6.0
20250122,JPY,6.0
20250123,JPY,6.0
20250124,JPY,6.0
20250127,JPY,6.0
20250128,JPY,6.0
20250129,JPY,6.0
20250130,JPY,6.0
20250131,JPY,6.0
20250203,JPY,6.0
20250204,JPY,6.0
20250205,JPY,6.0
20250206,JPY,6.0
20250207,JPY,6.0
20250210,JPY,6.0
20250211,JPY,6.0
20250212,JPY,6.0
20250213,JPY,6.0
20250214,JPY,6.0
20250217,JPY,6.0
20250218,JPY,6.0
20250219,JPY,6.0
20250220,JPY,6.0
20250221,JPY,6.0
20250224,JPY,6.0
20250225,JPY,6.0
20250226,JPY,6.0
20250227,JPY,6.0
20250228,JPY,6.0
20250303,JPY,6.0
20250304,JPY,6.0
20250305,JPY,6.0
20250306,JPY,6.0
20250307,JPY,6.0
20250310,JPY,6.0
20250311,JPY,6.0
20250312,JPY,6.0
20250313,JPY,6.0
20250314,JPY,6.0
20250317,JPY,6.0
20250318,JPY,6.0
20250319,JPY,6.0
20250320,JPY,6.0
20250321,JPY,6.0
20250324,JPY,6.0
20250325,JPY,6.0
20250326,JPY,6.0
20250327,JPY,6.0
20250328,JPY,6.0
20250331,JPY,6.0
20250401,JPY,6.0
20250402,JPY,6.0
20250403,JPY,6.0
20250404,JPY,6.0
20250407,JPY,6.0
20250408,JPY,6.0
20250409,JPY,6.0
20250410,JPY,6.0
20250411,JPY,6.0
20250414,JPY,6.0
20250415,JPY,6.0
20250416,JPY,6.0
20250417,JPY,6.0
20250418,JPY,6.0
20250421,JPY,6.0
20250422,JPY,6.0
20250423,JPY,6.0
20250424,JPY,6.0
20250425,JPY,6.0
20250428,JPY,6.0
20250429,JPY,6.0
20250430,JPY,6.0
20250501,JPY,6.0
20250502,JPY,6.0
20250505,JPY,6.0
20250506,JPY,6.0
20250507,JPY,6.0
20250508,JPY,6.0
20250509,JPY,6.0
20250512,JPY,6.0
20250513,JPY,6.0
20250514,JPY,6.0
20250515,JPY,6.0
20250516,JPY,6.0
20250519,JPY,6.0
20250520,JPY,6.0
20250521,JPY,6.0
20250522,JPY,6.0
20250523,JPY,6.0
20250526,JPY,6.0
20250527,JPY,6.0
20250528,JPY,6.0
20250529,JPY,6.0
20250530,JPY,6.0
20250602,JPY,6.0
20250603,JPY,6.0
20250604,JPY,6.0
20250605,JPY,6.0
20250606,JPY,6.0
20250609,JPY,6.0
20250610,JPY,6.0
20250611,JPY,6.0
20250612,JPY,6.0
20250613,JPY,6.0
20250616,JPY,6.0
20250617,JPY,6.0
20250618,JPY,6.0
20250619,JPY,6.0
20250620,JPY,6.0
20250623,JPY,6.0
20250624,JPY,6.0
20250625,JPY,6.0
20250626,JPY,6.0
20250627,JPY,6.0
20250630,JPY,6.0
20250701,JPY,6.0
20250702,JPY,6.0
20250703,JPY,6.0
20250704,JPY,6.0
20250707,JPY,6.0
20250708,JPY,6.0
20250709,JPY,6.0
20250710,JPY,6.0
20250711,JPY,6.0
20250714,JPY,6.0
20250715,JPY,6.0
20250716,JPY,6.0
20250717,JPY,6.0
20250718,JPY,6.0
20250721,JPY,6.0
20250722,JPY,6.0
20250723,JPY,6.0
20250724,JPY,6.0
20250725,JPY,6.0
20250728,JPY,6.0
20250729,JPY,6.0
20250730,JPY,6.0
20250731,JPY,6.0
20250801,JPY,6.0
20250804,JPY,6.0
20250805,JPY,6.0
20250806,JPY,6.0
20250807,JPY,6.0
20250808,JPY,6.0
20250811,JPY,6.0
20250812,JPY,6.0
20250813,JPY,6.0
20250814,JPY,6.0
20250815,JPY,6.0
20250818,JPY,6.0
20250819,JPY,6.0
20250820,JPY,6.0
20250821,JPY,6.0
20250822,JPY,6.0
20250825,JPY,6.0
20250826,JPY,6.0
20250827,JPY,6.0
20250828,JPY,6.0
20250829,JPY,6.0
20250901,JPY,6.0
20250902,JPY,6.0
20250903,JPY,6.0
20250904,JPY,6.0
20250905,JPY,6.0
20250908,JPY,6.0
20250909,JPY,6.0
20250910,JPY,6.0
20250911,JPY,6.0
20250912,JPY,6.0
20250915,JPY,6.0
20250916,JPY,6.0
20250917,JPY,6.0
20250918,JPY,6.0
20250919,JPY,6.0
20250922,JPY,6.0
20250923,JPY,6.0
20250924,JPY,6.0
20250925,JPY,6.0
20250926,JPY,6.0
20250929,JPY,6.0
20250930,JPY,6.0
20251001,JPY,6.0
20251002,JPY,6.0
20251003,JPY,6.0
20251006,JPY,6.0
20251007,JPY,6.0
20251008,JPY,6.0
20251009,JPY,6.0
20251010,JPY,6.0
20251013,JPY,6.0
20251014,JPY,6.0
20251015,JPY,6.0
20251016,JPY,6.0
20251017,JPY,6.0
20251020,JPY,6.0
20251021,JPY,6.0
20251022,JPY,6.0
20251023,JPY,6.0
20251024,JPY,6.0
20251027,JPY,6.0
20251028,JPY,6.0
20251029,JPY,6.0
20251030,JPY,6.0
20251031,JPY,6.0
20251103,JPY,6.0
20251104,JPY,6.0
20251105,JPY,6.0
20251106,JPY,6.0
20251107,JPY,6.0
20251110,JPY,6.0
20251111,JPY,6.0
20251112,JPY,6.0
20251113,JPY,6.0
20251114,JPY,6.0
20251117,JPY,6.0
20251118,JPY,6.0
20251119,JPY,6.0
20251120,JPY,6.0
20251121,JPY,6.0
20251124,JPY,6.0
20251125,JPY,6.0
20251126,JPY,6.0
20251127,JPY,6.0
20251128,JPY,6.0
20251201,JPY,6.0
20251202,JPY,6.0
20251203,JPY,6.0
20251204,JPY,6.0
20251205,JPY,6.0
20251208,JPY,6.0
20251209,JPY,6.0
20251210,JPY,6.0
20251211,JPY,6.0
20251212,JPY,6.0
20251215,JPY,6.0
20251216,JPY,6.0
20251217,JPY,6.0
20251218,JPY,6.0
20251219,JPY,6.0
20251222,JPY,6.0
20251223,JPY,6.0
20251224,JPY,6.0
20251225,JPY,6.0
20251226,JPY,6.0
20251229,JPY,6.0
20251230,JPY,6.0
20251231,JPY,6.0
20260101,JPY,6.0
20260102,JPY,6.0
20260105,JPY,6.0
20260106,JPY,6.0
20260107,JPY,6.0
20260108,JPY,6.0
20260109,JPY,6.0
20260112,JPY,6.0
20260113,JPY,6.0
20260114,JPY,6.0
20260115,JPY,6.0
20260116,JPY,6.0
20260119,JPY,6.0
20260120,JPY,6.0
20260121,JPY,6.0
20260122,JPY,6.0
20260123,JPY,6.0
20260126,JPY,6.0
20260127,JPY,6.0
20260128,JPY,6.0
20260129,JPY,6.0
20260130,JPY,6.0
20260202,JPY,6.0
20260203,JPY,6.0
20260204,JPY,6.0
20260205,JPY,6.0
20260206,JPY,6.0
20260209,JPY,6.0
20260210,JPY,6.0
20260211,JPY,6.0
20260212,JPY,6.0
20260213,JPY,6.0
20260216,JPY,6.0
20260217,JPY,6.0
20260218,JPY,6.0
20260219,JPY,6.0
20260220,JPY,6.0
20260223,JPY,6.0
20260224,JPY,6.0
20260225,JPY,6.0
20260226,JPY,6.0
20260227,JPY,6.0
20260302,JPY,6.0
20260303,JPY,6.0
20260304,JPY,6.0
20260305,JPY,6.0
20260306,JPY,6.0
20260309,JPY,6.0
20260310,JPY,6.0
20260311,JPY,6.0
20260312,JPY,6.0
20260313,JPY,6.0
20260316,JPY,6.0
20260317,JPY,6.0
20260318,JPY,6.0
20260319,JPY,6.0
20260320,JPY,6.0
20260323,JPY,6.0
20260324,JPY,6.0
20260325,JPY,6.0
20260326,JPY,6.0
20260327,JPY,6.0
20260330,JPY,6.0
20260331,JPY,6.0
20260401,JPY,6.0
20260402,JPY,6.0
20260403,JPY,6.0
20260406,JPY,6.0
20260407,JPY,6.0
20260408,JPY,6.0
20260409,JPY,6.0
20260410,JPY,6.0
20260413,JPY,6.0
20260414,JPY,6.0
20260415,JPY,6.0
20260416,JPY,6.0
20260417,JPY,6.0
20260420,JPY,6.0
20260421,JPY,6.0
20260422,JPY,6.0
20260423,JPY,6.0
20260424,JPY,6.0
20260427,JPY,6.0
20260428,JPY,6.0
20260429,JPY,6.0
20260430,JPY,6.0
20260501,JPY,6.0
20260504,JPY,6.0
20260505,JPY,6.0
20260506,JPY,6.0
20260507,JPY,6.0
20260508,JPY,6.0
20260511,JPY,6.0
20260512,JPY,6.0
20260513,JPY,6.0
20260514,JPY,6.0
20260515,JPY,6.0
20260518,JPY,6.0
20260519,JPY,6.0
20260520,JPY,6.0
20260521,JPY,6.0
20260522,JPY,6.0
20260525,JPY,6.0
20260526,JPY,6.0
20260527,JPY,6.0
20260528,JPY,6.0
20260529,JPY,6.0
20260601,JPY,6.0
20260602,JPY,6.0
20260603,JPY,6.0
20260604,JPY,6.0
20260605,JPY,6.0
20260608,JPY,6.0
20260609,JPY,6.0
20260610,JPY,6.0
20260611,JPY,6.0
20260612,JPY,6.0
20260615,JPY,6.0
20260616,JPY,6.0
20260617,JPY,6.0
20260618,JPY,6.0
20260619,JPY,6.0
20260622,JPY,6.0
20260623,JPY,6.0
20260624,JPY,6.0
20260625,JPY,6.0
20260626,JPY,6.0
20260629,JPY,6.0
20260630,JPY,6.0
20260701,JPY,6.0
20260702,JPY,6.0
20260703,JPY,6.0
20260706,JPY,6.0
20260707,JPY,6.0
20260708,JPY,6.0
20260709,JPY,6.0
20260710,JPY,6.0
20260713,JPY,6.0
20260714,JPY,6.0
20260715,JPY,6.0
20260716,JPY,6.0
20260717,JPY,6.0
20260720,JPY,6.0
20260721,JPY,6.0
20260722,JPY,6.0
20260723,JPY,6.0
20260724,JPY,6.0
20260727,JPY,6.0
20260728,JPY,6.0
20260729,JPY,6.0
20260730,JPY,6.0
20260731,JPY,6.0
20260803,JPY,6.0
20260804,JPY,6.0
20260805,JPY,6.0
20260806,JPY,6.0
20260807,JPY,6.0
20260810,JPY,6.0
20260811,JPY,6.0
20260812,JPY,6.0
20260813,JPY,6.0
20260814,JPY,6.0
20260817,JPY,6.0
20260818,JPY,6.0
20260819,JPY,6.0
20260820,JPY,6.0
20260821,JPY,6.0
20260824,JPY,6.0
20260825,JPY,6.0
20260826,JPY,6.0
20260827,JPY,6.0
20260828,JPY,6.0
20260831,JPY,6.0
20230102,USD,1281.981
20230103,USD,1274.375
20230104,USD,1287.141
20230105,USD,1289.491
20230106,USD,1271.788
20230109,USD,1277.069
20230110,USD,1287.393
20230111,USD,1285.494
20230112,USD,1288.381
20230113,USD,1283.832
20230116,USD,1295.921
20230117,USD,1296.025
20230118,USD,1292.095
20230119,USD,1299.618
20230120,USD,1295.879
20230123,USD,1287.726
20230124,USD,1296.1
20230125,USD,1287.78
20230126,USD,1299.95
20230127,USD,1294.059
20230130,USD,1293.243
20230131,USD,1289.997
20230201,USD,1302.269
20230202,USD,1293.138
20230203,USD,1291.103
20230206,USD,1291.27
20230207,USD,1296.623
20230208,USD,1295.078
20230209,USD,1294.866
20230210,USD,1294.41
20230213,USD,1304.909
20230214,USD,1287.683
20230215,USD,1286.295
20230216,USD,1283.606
20230217,USD,1292.148
20230220,USD,1294.716
20230221,USD,1285.862
20230222,USD,1280.366
20230223,USD,1279.698
20230224,USD,1288.53
20230227,USD,1288.397
20230228,USD,1286.389
20230301,USD,1277.859
20230302,USD,1283.06
20230303,USD,1281.723
20230306,USD,1281.853
20230307,USD,1285.619
20230308,USD,1280.996
20230309,USD,1283.61
20230310,USD,1279.362
20230313,USD,1280.602
20230314,USD,1282.705
20230315,USD,1269.088
20230316,USD,1276.521
20230317,USD,1275.664
20230320,USD,1274.774
20230321,USD,1277.427
20230322,USD,1289.303
20230323,USD,1274.41
20230324,USD,1286.861
20230327,USD,1270.234
20230328,USD,1279.675
20230329,USD,1283.657
20230330,USD,1287.222
20230331,USD,1288.907
20230403,USD,1290.367
20230404,USD,1283.92
20230405,USD,1284.2
20230406,USD,1293.838
20230407,USD,1288.103
20230410,USD,1282.163
20230411,USD,1284.214
20230412,USD,1286.738
20230413,USD,1297.082
20230414,USD,1295.907
20230417,USD,1300.587
20230418,USD,1294.421
20230419,USD,1299.3
20230420,USD,1303.374
20230421,USD,1298.296
20230424,USD,1304.229
20230425,USD,1297.858
20230426,USD,1300.644
20230427,USD,1301.304
20230428,USD,1296.727
20230501,USD,1308.309
20230502,USD,1302.662
20230503,USD,1306.286
20230504,USD,1309.742
20230505,USD,1309.85
20230508,USD,1311.521
20230509,USD,1306.721
20230510,USD,1304.692
20230511,USD,1306.925
20230512,USD,1296.394
20230515,USD,1297.796
20230516,USD,1298.368
20230517,USD,1300.174
20230518,USD,1308.876
20230519,USD,1299.948
20230522,USD,1302.87
20230523,USD,1313.213
20230524,USD,1301.843
20230525,USD,1308.298
20230526,USD,1296.745
20230529,USD,1300.756
20230530,USD,1295.17
20230531,USD,1298.378
20230601,USD,1305.27
20230602,USD,1287.804
20230605,USD,1301.084
20230606,USD,1299.045
20230607,USD,1292.897
20230608,USD,1286.644
20230609,USD,1295.829
20230612,USD,1291.274
20230613,USD,1295.629
20230614,USD,1293.711
20230615,USD,1303.489
20230616,USD,1291.092
20230619,USD,1285.632
20230620,USD,1293.157
20230621,USD,1293.203
20230622,USD,1300.466
20230623,USD,1296.997
20230626,USD,1293.907
20230627,USD,1301.2
20230628,USD,1284.146
20230629,USD,1287.981
20230630,USD,1286.467
20230703,USD,1290.386
20230704,USD,1284.482
20230705,USD,1298.145
20230706,USD,1293.233
20230707,USD,1285.847
20230710,USD,1289.602
20230711,USD,1299.098
20230712,USD,1303.422
20230713,USD,1311.916
20230714,USD,1318.886
20230717,USD,1303.687
20230718,USD,1295.64
20230719,USD,1289.317
20230720,USD,1306.037
20230721,USD,1300.145
20230724,USD,1303.866
20230725,USD,1303.72
20230726,USD,1307.905
20230727,USD,1316.853
20230728,USD,1312.024
20230731,USD,1311.02
20230801,USD,1306.329
20230802,USD,1303.141
20230803,USD,1311.78
20230804,USD,1315.45
20230807,USD,1328.089
20230808,USD,1318.176
20230809,USD,1324.379
20230810,USD,1315.335
20230811,USD,1311.39
20230814,USD,1313.252
20230815,USD,1315.163
20230816,USD,1333.981
20230817,USD,1314.994
20230818,USD,1325.886
20230821,USD,1314.588
20230822,USD,1326.452
20230823,USD,1322.759
20230824,USD,1319.021
20230825,USD,1319.484
20230828,USD,1315.131
20230829,USD,1321.859
20230830,USD,1315.512
20230831,USD,1309.957
20230901,USD,1309.019
20230904,USD,1317.804
20230905,USD,1326.264
20230906,USD,1316.325
20230907,USD,1313.773
20230908,USD,1315.643
20230911,USD,1321.502
20230912,USD,1313.663
20230913,USD,1308.793
20230914,USD,1317.891
20230915,USD,1312.74
20230918,USD,1319.213
20230919,USD,1309.729
20230920,USD,1299.924
20230921,USD,1298.379
20230922,USD,1317.442
20230925,USD,1317.408
20230926,USD,1304.592
20230927,USD,1302.887
20230928,USD,1314.566
20230929,USD,1297.632
20231002,USD,1298.85
20231003,USD,1308.765
20231004,USD,1302.016
20231005,USD,1304.627
20231006,USD,1303.761
20231009,USD,1307.264
20231010,USD,1314.547
20231011,USD,1306.397
20231012,USD,1310.484
20231013,USD,1293.539
20231016,USD,1307.19
20231017,USD,1302.739
20231018,USD,1301.077
20231019,USD,1304.133
20231020,USD,1308.569
20231023,USD,1317.645
20231024,USD,1304.068
20231025,USD,1313.926
20231026,USD,1311.651
20231027,USD,1313.766
20231030,USD,1323.532
20231031,USD,1321.642
20231101,USD,1327.973
20231102,USD,1319.41
20231103,USD,1317.016
20231106,USD,1321.194
20231107,USD,1325.312
20231108,USD,1325.94
20231109,USD,1318.763
20231110,USD,1327.377
20231113,USD,1329.201
20231114,USD,1344.955
20231115,USD,1341.604
20231116,USD,1324.608
20231117,USD,1328.967
20231120,USD,1321.93
20231121,USD,1328.135
20231122,USD,1334.479
20231123,USD,1340.638
20231124,USD,1328.352
20231127,USD,1329.047
20231128,USD,1319.466
20231129,USD,1332.408
20231130,USD,1326.52
20231201,USD,1329.865
20231204,USD,1327.409
20231205,USD,1332.224
20231206,USD,1321.067
20231207,USD,1322.546
20231208,USD,1345.447
20231211,USD,1322.706
20231212,USD,1323.361
20231213,USD,1341.798
20231214,USD,1348.068
20231215,USD,1320.863
20231218,USD,1325.349
20231219,USD,1329.208
20231220,USD,1337.455
20231221,USD,1319.028
20231222,USD,1323.073
20231225,USD,1328.953
20231226,USD,1325.975
20231227,USD,1319.974
20231228,USD,1320.849
20231229,USD,1312.117
20240101,USD,1318.882
20240102,USD,1318.124
20240103,USD,1320.844
20240104,USD,1315.263
20240105,USD,1321.54
20240108,USD,1324.728
20240109,USD,1318.899
20240110,USD,1319.993
20240111,USD,1317.948
20240112,USD,1317.58
20240115,USD,1312.948
20240116,USD,1319.837
20240117,USD,1317.372
20240118,USD,1331.918
20240119,USD,1328.928
20240122,USD,1321.679
20240123,USD,1314.759
20240124,USD,1313.111
20240125,USD,1328.779
20240126,USD,1323.507
20240129,USD,1325.747
20240130,USD,1312.171
20240131,USD,1330.478
20240201,USD,1328.389
20240202,USD,1319.246
20240205,USD,1324.462
20240206,USD,1330.333
20240207,USD,1330.073
20240208,USD,1328.96
20240209,USD,1331.322
20240212,USD,1331.492
20240213,USD,1335.25
20240214,USD,1344.937
20240215,USD,1319.782
20240216,USD,1335.991
20240219,USD,1339.708
20240220,USD,1341.473
20240221,USD,1338.073
20240222,USD,1329.96
20240223,USD,1344.34
20240226,USD,1354.202
20240227,USD,1333.703
20240228,USD,1349.915
20240229,USD,1342.716
20240301,USD,1344.927
20240304,USD,1338.875
20240305,USD,1343.857
20240306,USD,1354.71
20240307,USD,1350.193
20240308,USD,1357.729
20240311,USD,1354.103
20240312,USD,1349.205
20240313,USD,1357.508
20240314,USD,1348.773
20240315,USD,1350.976
20240318,USD,1343.272
20240319,USD,1345.173
20240320,USD,1339.69
20240321,USD,1350.083
20240322,USD,1335.371
20240325,USD,1347.453
20240326,USD,1340.429
20240327,USD,1348.553
20240328,USD,1345.07
20240329,USD,1351.257
20240401,USD,1343.398
20240402,USD,1327.654
20240403,USD,1336.667
20240404,USD,1328.728
20240405,USD,1332.241
20240408,USD,1344.724
20240409,USD,1338.371
20240410,USD,1329.049
20240411,USD,1326.415
20240412,USD,1332.682
20240415,USD,1324.084
20240416,USD,1327.215
20240417,USD,1333.258
20240418,USD,1338.463
20240419,USD,1334.709
20240422,USD,1315.735
20240423,USD,1332.563
20240424,USD,1331.09
20240425,USD,1333.432
20240426,USD,1341.451
20240429,USD,1317.821
20240430,USD,1327.758
20240501,USD,1335.89
20240502,USD,1322.297
20240503,USD,1342.775
20240506,USD,1336.252
20240507,USD,1340.106
20240508,USD,1331.703
20240509,USD,1341.574
20240510,USD,1344.155
20240513,USD,1339.698
20240514,USD,1340.726
20240515,USD,1342.014
20240516,USD,1335.73
20240517,USD,1341.491
20240520,USD,1342.584
20240521,USD,1347.201
20240522,USD,1352.344
20240523,USD,1340.096
20240524,USD,1347.282
20240527,USD,1358.823
20240528,USD,1345.433
20240529,USD,1345.961
20240530,USD,1353.621
20240531,USD,1358.748
20240603,USD,1354.236
20240604,USD,1363.646
20240605,USD,1361.359
20240606,USD,1361.978
20240607,USD,1360.754
20240610,USD,1372.853
20240611,USD,1356.884
20240612,USD,1345.609
20240613,USD,1369.392
20240614,USD,1356.24
20240617,USD,1360.084
20240618,USD,1367.979
20240619,USD,1349.054
20240620,USD,1351.254
20240621,USD,1348.824
20240624,USD,1353.836
20240625,USD,1361.548
20240626,USD,1361.72
20240627,USD,1359.666
20240628,USD,1348.184
20240701,USD,1341.793
20240702,USD,1356.553
20240703,USD,1352.481
20240704,USD,1357.843
20240705,USD,1358.698
20240708,USD,1354.288
20240709,USD,1357.568
20240710,USD,1353.343
20240711,USD,1354.523
20240712,USD,1345.725
20240715,USD,1348.377
20240716,USD,1350.082
20240717,USD,1353.42
20240718,USD,1344.843
20240719,USD,1350.145
20240722,USD,1344.429
20240723,USD,1344.844
20240724,USD,1350.507
20240725,USD,1331.729
20240726,USD,1335.891
20240729,USD,1334.389
20240730,USD,1328.634
20240731,USD,1339.25
20240801,USD,1348.465
20240802,USD,1341.759
20240805,USD,1344.995
20240806,USD,1350.971
20240807,USD,1352.786
20240808,USD,1344.055
20240809,USD,1353.731
20240812,USD,1346.039
20240813,USD,1340.582
20240814,USD,1342.82
20240815,USD,1337.788
20240816,USD,1342.433
20240819,USD,1346.735
20240820,USD,1355.197
20240821,USD,1362.121
20240822,USD,1342.959
20240823,USD,1355.543
20240826,USD,1347.304
20240827,USD,1358.256
20240828,USD,1355.439
20240829,USD,1345.523
20240830,USD,1364.594
20240902,USD,1355.76
20240903,USD,1357.345
20240904,USD,1354.967
20240905,USD,1358.747
20240906,USD,1366.83
20240909,USD,1363.829
20240910,USD,1368.162
20240911,USD,1369.294
20240912,USD,1376.387
20240913,USD,1366.374
20240916,USD,1359.736
20240917,USD,1376.937
20240918,USD,1368.436
20240919,USD,1378.349
20240920,USD,1374.031
20240923,USD,1371.041
20240924,USD,1374.432
20240925,USD,1385.035
20240926,USD,1385.959
20240927,USD,1372.933
20240930,USD,1373.465
20241001,USD,1379.282
20241002,USD,1366.574
20241003,USD,1373.947
20241004,USD,1371.254
20241007,USD,1373.037
20241008,USD,1365.091
20241009,USD,1359.631
20241010,USD,1355.892
20241011,USD,1361.462
20241014,USD,1365.062
20241015,USD,1365.424
20241016,USD,1379.181
20241017,USD,1373.019
20241018,USD,1358.805
20241021,USD,1366.543
20241022,USD,1360.863
20241023,USD,1360.896
20241024,USD,1363.202
20241025,USD,1365.298
20241028,USD,1358.376
20241029,USD,1366.84
20241030,USD,1351.89
20241031,USD,1358.791
20241101,USD,1375.127
20241104,USD,1359.244
20241105,USD,1366.728
20241106,USD,1357.693
20241107,USD,1360.633
20241108,USD,1356.325
20241111,USD,1355.501
20241112,USD,1351.538
20241113,USD,1359.479
20241114,USD,1351.308
20241115,USD,1361.413
20241118,USD,1364.468
20241119,USD,1360.204
20241120,USD,1356.448
20241121,USD,1361.825
20241122,USD,1357.507
20241125,USD,1366.306
20241126,USD,1349.098
20241127,USD,1359.661
20241128,USD,1349.801
20241129,USD,1353.973
20241202,USD,1373.553
20241203,USD,1371.543
20241204,USD,1362.118
20241205,USD,1358.125
20241206,USD,1349.739
20241209,USD,1366.606
20241210,USD,1387.007
20241211,USD,1375.236
20241212,USD,1369.898
20241213,USD,1377.668
20241216,USD,1365.586
20241217,USD,1374.857
20241218,USD,1378.457
20241219,USD,1378.229
20241220,USD,1384.858
20241223,USD,1382.833
20241224,USD,1385.753
20241225,USD,1377.686
20241226,USD,1388.678
20241227,USD,1394.04
20241230,USD,1377.68
20241231,USD,1378.671
20250101,USD,1393.499
20250102,USD,1383.865
20250103,USD,1394.444
20250106,USD,1382.57
20250107,USD,1394.948
20250108,USD,1386.307
20250109,USD,1387.014
20250110,USD,1395.31
20250113,USD,1382.518
20250114,USD,1378.41
20250115,USD,1381.202
20250116,USD,1386.585
20250117,USD,1372.937
20250120,USD,1386.674
20250121,USD,1378.398
20250122,USD,1388.689
20250123,USD,1364.959
20250124,USD,1374.675
20250127,USD,1368.07
20250128,USD,1372.893
20250129,USD,1379.098
20250130,USD,1375.548
20250131,USD,1374.299
20250203,USD,1374.159
20250204,USD,1375.785
20250205,USD,1367.206
20250206,USD,1377.69
20250207,USD,1376.779
20250210,USD,1374.398
20250211,USD,1374.99
20250212,USD,1372.836
20250213,USD,1383.738
20250214,USD,1369.612
20250217,USD,1367.923
20250218,USD,1364.837
20250219,USD,1362.92
20250220,USD,1361.515
20250221,USD,1363.883
20250224,USD,1369.341
20250225,USD,1372.195
20250226,USD,1370.66
20250227,USD,1365.739
20250228,USD,1377.034
20250303,USD,1376.534
20250304,USD,1371.311
20250305,USD,1368.798
20250306,USD,1377.368
20250307,USD,1375.849
20250310,USD,1366.099
20250311,USD,1376.007
20250312,USD,1379.137
20250313,USD,1372.613
20250314,USD,1380.757
20250317,USD,1371.158
20250318,USD,1390.412
20250319,USD,1390.966
20250320,USD,1382.348
20250321,USD,1387.487
20250324,USD,1370.589
20250325,USD,1379.852
20250326,USD,1386.552
20250327,USD,1382.558
20250328,USD,1395.202
20250331,USD,1400.0
20250401,USD,1384.843
20250402,USD,1387.937
20250403,USD,1395.742
20250404,USD,1400.0
20250407,USD,1387.735
20250408,USD,1397.928
20250409,USD,1400.0
20250410,USD,1386.602
20250411,USD,1389.407
20250414,USD,1395.295
20250415,USD,1394.896
20250416,USD,1400.0
20250417,USD,1400.0
20250418,USD,1386.939
20250421,USD,1400.0
20250422,USD,1394.449
20250423,USD,1400.0
20250424,USD,1393.549
20250425,USD,1393.097
20250428,USD,1400.0
20250429,USD,1400.0
20250430,USD,1398.604
20250501,USD,1384.116
20250502,USD,1397.907
20250505,USD,1386.989
20250506,USD,1394.514
20250507,USD,1382.98
20250508,USD,1394.369
20250509,USD,1385.451
20250512,USD,1381.58
20250513,USD,1393.788
20250514,USD,1389.962
20250515,USD,1383.663
20250516,USD,1396.377
20250519,USD,1383.405
20250520,USD,1385.842
20250521,USD,1386.792
20250522,USD,1380.48
20250523,USD,1387.091
20250526,USD,1380.145
20250527,USD,1380.587
20250528,USD,1391.842
20250529,USD,1376.017
20250530,USD,1366.972
20250602,USD,1393.08
20250603,USD,1399.215
20250604,USD,1380.128
20250605,USD,1370.374
20250606,USD,1381.23
20250609,USD,1381.754
20250610,USD,1382.827
20250611,USD,1377.35
20250612,USD,1388.956
20250613,USD,1389.273
20250616,USD,1376.894
20250617,USD,1391.961
20250618,USD,1400.0
20250619,USD,1390.327
20250620,USD,1387.99
20250623,USD,1390.277
20250624,USD,1396.253
20250625,USD,1382.088
20250626,USD,1395.514
20250627,USD,1393.032
20250630,USD,1400.0
20250701,USD,1396.708
20250702,USD,1400.0
20250703,USD,1392.916
20250704,USD,1400.0
20250707,USD,1400.0
20250708,USD,1397.655
20250709,USD,1400.0
20250710,USD,1400.0
20250711,USD,1400.0
20250714,USD,1396.013
20250715,USD,1400.0
20250716,USD,1400.0
20250717,USD,1400.0
20250718,USD,1400.0
20250721,USD,1399.143
20250722,USD,1400.0
20250723,USD,1400.0
20250724,USD,1400.0
20250725,USD,1394.733
20250728,USD,1400.0
20250729,USD,1400.0
20250730,USD,1400.0
20250731,USD,1400.0
20250801,USD,1400.0
20250804,USD,1400.0
20250805,USD,1400.0
20250806,USD,1400.0
20250807,USD,1400.0
20250808,USD,1400.0
20250811,USD,1400.0
20250812,USD,1400.0
20250813,USD,1400.0
20250814,USD,1400.0
20250815,USD,1400.0
20250818,USD,1400.0
20250819,USD,1400.0
20250820,USD,1400.0
20250821,USD,1399.368
20250822,USD,1398.829
20250825,USD,1400.0
20250826,USD,1398.532
20250827,USD,1400.0
20250828,USD,1384.162
20250829,USD,1392.823
20250901,USD,1392.56
20250902,USD,1382.069
20250903,USD,1390.455
20250904,USD,1390.403
20250905,USD,1394.748
20250908,USD,1400.0
20250909,USD,1394.093
20250910,USD,1388.919
20250911,USD,1395.264
20250912,USD,1400.0
20250915,USD,1389.567
20250916,USD,1390.254
20250917,USD,1400.0
20250918,USD,1395.505
20250919,USD,1400.0
20250922,USD,1397.945
20250923,USD,1400.0
20250924,USD,1392.688
20250925,USD,1400.0
20250926,USD,1399.694
20250929,USD,1394.07
20250930,USD,1392.772
20251001,USD,1400.0
20251002,USD,1400.0
20251003,USD,1399.418
20251006,USD,1400.0
20251007,USD,1400.0
20251008,USD,1394.594
20251009,USD,1400.0
20251010,USD,1400.0
20251013,USD,1400.0
20251014,USD,1400.0
20251015,USD,1400.0
20251016,USD,1400.0
20251017,USD,1400.0
20251020,USD,1400.0
20251021,USD,1400.0
20251022,USD,1400.0
20251023,USD,1400.0
20251024,USD,1400.0
20251027,USD,1400.0
20251028,USD,1400.0
20251029,USD,1400.0
20251030,USD,1400.0
20251031,USD,1400.0
20251103,USD,1400.0
20251104,USD,1400.0
20251105,USD,1400.0
20251106,USD,1400.0
20251107,USD,1400.0
20251110,USD,1400.0
20251111,USD,1400.0
20251112,USD,1400.0
20251113,USD,1400.0
20251114,USD,1400.0
20251117,USD,1400.0
20251118,USD,1400.0
20251119,USD,1400.0
20251120,USD,1400.0
20251121,USD,1400.0
20251124,USD,1400.0
20251125,USD,1400.0
20251126,USD,1400.0
20251127,USD,1400.0
20251128,USD,1400.0
20251201,USD,1400.0
20251202,USD,1400.0
20251203,USD,1400.0
20251204,USD,1400.0
20251205,USD,1400.0
20251208,USD,1400.0
20251209,USD,1400.0
20251210,USD,1400.0
20251211,USD,1400.0
20251212,USD,1400.0
20251215,USD,1400.0
20251216,USD,1400.0
20251217,USD,1400.0
20251218,USD,1400.0
20251219,USD,1400.0
20251222,USD,1400.0
20251223,USD,1400.0
20251224,USD,1400.0
20251225,USD,1400.0
20251226,USD,1400.0
20251229,USD,1400.0
20251230,USD,1400.0
20251231,USD,1400.0
20260101,USD,1400.0
20260102,USD,1400.0
20260105,USD,1400.0
20260106,USD,1400.0
20260107,USD,1400.0
20260108,USD,1400.0
20260109,USD,1400.0
20260112,USD,1400.0
20260113,USD,1400.0
20260114,USD,1400.0
20260115,USD,1400.0
20260116,USD,1400.0
20260119,USD,1400.0
20260120,USD,1400.0
20260121,USD,1400.0
20260122,USD,1400.0
20260123,USD,1400.0
20260126,USD,1400.0
20260127,USD,1400.0
20260128,USD,1400.0
20260129,USD,1400.0
20260130,USD,1400.0
20260202,USD,1400.0
20260203,USD,1400.0
20260204,USD,1400.0
20260205,USD,1400.0
20260206,USD,1400.0
20260209,USD,1400.0
20260210,USD,1400.0
20260211,USD,1400.0
20260212,USD,1400.0
20260213,USD,1400.0
20260216,USD,1400.0
20260217,USD,1400.0
20260218,USD,1400.0
20260219,USD,1400.0
20260220,USD,1400.0
20260223,USD,1400.0
20260224,USD,1400.0
20260225,USD,1400.0
20260226,USD,1400.0
20260227,USD,1400.0
20260302,USD,1400.0
20260303,USD,1400.0
20260304,USD,1400.0
20260305,USD,1400.0
20260306,USD,1400.0
20260309,USD,1400.0
20260310,USD,1400.0
20260311,USD,1400.0
20260312,USD,1400.0
20260313,USD,1400.0
20260316,USD,1400.0
20260317,USD,1400.0
20260318,USD,1400.0
20260319,USD,1400.0
20260320,USD,1400.0
20260323,USD,1400.0
20260324,USD,1400.0
20260325,USD,1400.0
20260326,USD,1400.0
20260327,USD,1400.0
20260330,USD,1400.0
20260331,USD,1400.0
20260401,USD,1400.0
20260402,USD,1400.0
20260403,USD,1400.0
20260406,USD,1400.0
20260407,USD,1400.0
20260408,USD,1400.0
20260409,USD,1400.0
20260410,USD,1400.0
20260413,USD,1400.0
20260414,USD,1400.0
20260415,USD,1400.0
20260416,USD,1400.0
20260417,USD,1400.0
20260420,USD,1400.0
20260421,USD,1400.0
20260422,USD,1400.0
20260423,USD,1400.0
20260424,USD,1400.0
20260427,USD,1400.0
20260428,USD,1400.0
20260429,USD,1400.0
20260430,USD,1400.0
20260501,USD,1400.0
20260504,USD,1400.0
20260505,USD,1400.0
20260506,USD,1400.0
20260507,USD,1400.0
20260508,USD,1400.0
20260511,USD,1400.0
20260512,USD,1400.0
20260513,USD,1400.0
20260514,USD,1400.0
20260515,USD,1400.0
20260518,USD,1400.0
20260519,USD,1400.0
20260520,USD,1400.0
20260521,USD,1400.0
20260522,USD,1400.0
20260525,USD,1400.0
20260526,USD,1400.0
20260527,USD,1400.0
20260528,USD,1400.0
20260529,USD,1400.0
20260601,USD,1400.0
20260602,USD,1400.0
20260603,USD,1400.0
20260604,USD,1400.0
20260605,USD,1400.0
20260608,USD,1400.0
20260609,USD,1400.0
20260610,USD,1400.0
20260611,USD,1400.0
20260612,USD,1400.0
20260615,USD,1400.0
20260616,USD,1400.0
20260617,USD,1400.0
20260618,USD,1400.0
20260619,USD,1400.0
20260622,USD,1400.0
20260623,USD,1400.0
20260624,USD,1400.0
20260625,USD,1400.0
20260626,USD,1400.0
20260629,USD,1400.0
20260630,USD,1400.0
20260701,USD,1400.0
20260702,USD,1400.0
20260703,USD,1400.0
20260706,USD,1400.0
20260707,USD,1400.0
20260708,USD,1400.0
20260709,USD,1400.0
20260710,USD,1400.0
20260713,USD,1400.0
20260714,USD,1400.0
20260715,USD,1400.0
20260716,USD,1400.0
20260717,USD,1400.0
20260720,USD,1400.0
20260721,USD,1400.0
20260722,USD,1400.0
20260723,USD,1400.0
20260724,USD,1400.0
20260727,USD,1400.0
20260728,USD,1400.0
20260729,USD,1400.0
20260730,USD,1400.0
20260731,USD,1400.0
20260803,USD,1400.0
20260804,USD,1400.0
20260805,USD,1400.0
20260806,USD,1400.0
20260807,USD,1400.0
20260810,USD,1400.0
20260811,USD,1400.0
20260812,USD,1400.0
20260813,USD,1400.0
20260814,USD,1400.0
20260817,USD,1400.0
20260818,USD,1400.0
20260819,USD,1400.0
20260820,USD,1400.0
20260821,USD,1400.0
20260824,USD,1400.0
20260825,USD,1400.0
20260826,USD,1400.0
20260827,USD,1400.0
20260828,USD,1400.0
20260831,USD,1400.0
